timeframe,date,open,high,low,close,volume,peak_or_valley,strength
1min,2023-09-14 20:31:00,26620.3,26620.3,26618.7,26618.8,0.3954305,valley,60.0
1min,2023-09-14 20:32:00,26618.7,26624.1,26618.7,26621.5,0.17706333,peak,120.0
1min,2023-09-14 20:38:00,26605.3,26605.3,26601.1,26601.1,0.08730421,valley,360.0
1min,2023-09-14 20:41:00,26602.5,26608.3,26602.5,26608.3,0.13951885,peak,240.0
1min,2023-09-14 20:47:00,26577.6,26577.6,26573.5,26576.5,1.15602209,valley,120.0
1min,2023-09-14 20:50:00,26566.0,26577.0,26564.9,26576.9,4.88801242,peak,180.0
1min,2023-09-14 20:51:00,26576.9,26576.9,26562.2,26563.4,2.83907041,valley,120.0
1min,2023-09-14 20:53:00,26566.6,26566.6,26561.2,26564.1,1.1619581,valley,420.0
1min,2023-09-14 20:54:00,26564.1,26570.7,26564.1,26570.7,0.37122531,peak,180.0
1min,2023-09-14 20:55:00,26570.7,26570.7,26561.8,26564.0,3.56889793,valley,120.0
1min,2023-09-14 20:59:00,26572.2,26572.7,26566.4,26566.6,0.67937386,peak,180.0
15min,2023-09-14 21:00:00,26566.5,26566.5,26560.0,26563.3,2.74007226,valley,1800.0
1min,2023-09-14 21:05:00,26578.0,26614.1,26577.9,26610.4,7.64175684,valley,180.0
5min,2023-09-14 21:05:00,26578.0,26614.1,26577.9,26610.4,7.64175684,peak,900.0
1min,2023-09-14 21:09:00,26595.8,26603.0,26595.8,26602.9,0.53870669,peak,180.0
1min,2023-09-14 21:10:00,26602.9,26603.0,26594.9,26595.0,0.16260374,valley,300.0
1min,2023-09-14 21:12:00,26595.0,26609.7,26595.0,26607.3,0.77448817,peak,360.0
1min,2023-09-14 21:14:00,26607.2,26607.2,26598.1,26600.6,5.64722765,valley,120.0
1min,2023-09-14 21:16:00,26599.6,26599.7,26598.1,26598.2,0.15698771,valley,240.0
1min,2023-09-14 21:19:00,26605.3,26613.1,26605.0,26613.1,0.29758901,valley,120.0
15min,2023-09-14 21:20:00,26613.1,26615.8,26613.0,26615.7,0.969674,peak,2640.0
1min,2023-09-14 21:23:00,26604.7,26604.7,26600.1,26603.3,2.15551109,valley,360.0
1min,2023-09-14 21:25:00,26603.3,26606.1,26603.3,26605.9,0.76095116,peak,180.0
1min,2023-09-14 21:28:00,26600.2,26610.7,26600.2,26605.9,1.66744984,peak,360.0
1min,2023-09-14 21:36:00,26590.7,26590.7,26588.3,26588.4,0.13846584,valley,360.0
5min,2023-09-14 21:41:00,26595.2,26595.3,26592.9,26592.9,0.34564699,peak,600.0
1min,2023-09-14 21:44:00,26566.3,26566.3,26556.8,26556.9,11.41002478,valley,120.0
15min,2023-09-14 21:47:00,26537.3,26537.3,26471.3,26503.0,8.03887746,valley,4620.0
1min,2023-09-14 21:49:00,26536.3,26542.7,26508.3,26508.3,3.44431709,peak,180.0
1min,2023-09-14 21:53:00,26534.1,26535.4,26523.9,26525.0,4.06847273,peak,240.0
5min,2023-09-14 21:57:00,26497.6,26499.9,26497.3,26499.9,0.23378293,valley,600.0
5min,2023-09-14 22:00:00,26528.9,26548.2,26515.1,26516.7,4.0411968,peak,600.0
1min,2023-09-14 22:01:00,26513.9,26514.0,26512.3,26512.4,0.16004326,valley,180.0
1min,2023-09-14 22:04:00,26529.4,26529.6,26526.2,26526.3,0.10944003,peak,180.0
1min,2023-09-14 22:05:00,26526.3,26529.0,26525.6,26525.7,0.38910511,valley,120.0
1min,2023-09-14 22:08:00,26535.1,26538.8,26535.1,26538.7,0.48164363,peak,120.0
1min,2023-09-14 22:10:00,26538.3,26552.7,26538.3,26547.9,1.42038254,peak,180.0
1min,2023-09-14 22:12:00,26545.7,26548.1,26542.6,26548.1,0.47267623,valley,120.0
1min,2023-09-14 22:14:00,26559.5,26575.5,26556.3,26575.5,7.63321648,peak,180.0
1min,2023-09-14 22:16:00,26575.0,26575.0,26569.4,26574.3,0.65068667,valley,120.0
1min,2023-09-14 22:18:00,26578.9,26602.8,26578.9,26596.8,2.30546447,peak,240.0
5min,2023-09-14 22:24:00,26604.9,26617.9,26604.9,26617.8,0.73192647,peak,780.0
1min,2023-09-14 22:28:00,26601.4,26605.8,26601.4,26605.8,0.00378105,valley,360.0
1min,2023-09-14 22:30:00,26611.2,26612.8,26611.2,26612.8,0.09111983,peak,300.0
1min,2023-09-14 22:34:00,26610.9,26610.9,26602.8,26608.4,0.76865785,valley,360.0
1min,2023-09-14 22:36:00,26608.4,26615.8,26607.6,26615.8,0.88651951,valley,120.0
1min,2023-09-14 22:37:00,26615.8,26618.5,26615.7,26618.5,1.57703672,peak,120.0
15min,2023-09-14 22:39:00,26617.1,26623.8,26617.0,26619.5,1.53139093,peak,2160.0
1min,2023-09-14 22:41:00,26616.0,26616.1,26614.1,26614.2,0.18260551,valley,120.0
1min,2023-09-14 22:45:00,26613.1,26617.6,26613.0,26614.7,0.41252974,peak,300.0
5min,2023-09-14 22:46:00,26614.6,26614.6,26596.7,26598.7,0.78208054,valley,960.0
1min,2023-09-14 22:50:00,26605.2,26609.4,26605.1,26609.3,0.99734599,peak,180.0
5min,2023-09-14 22:55:00,26612.7,26622.0,26612.7,26616.2,1.22269994,peak,960.0
1min,2023-09-14 22:57:00,26615.7,26615.9,26615.7,26615.8,0.02094452,valley,120.0
1min,2023-09-14 23:01:00,26608.5,26608.5,26603.3,26603.3,0.15456359,peak,120.0
5min,2023-09-14 23:03:00,26582.7,26582.7,26582.6,26582.6,0.06000849,valley,1620.0
1min,2023-09-14 23:04:00,26582.6,26587.9,26582.6,26587.7,0.42002439,peak,120.0
1min,2023-09-14 23:07:00,26588.3,26596.4,26587.7,26594.4,0.90192851,peak,120.0
1min,2023-09-14 23:09:00,26596.2,26603.4,26596.2,26600.0,0.55582604,peak,120.0
1H,2023-09-14 23:15:00,26618.7,26624.1,26617.0,26621.1,1.48577322,peak,9900.0
1min,2023-09-14 23:15:00,26618.7,26624.1,26617.0,26621.1,1.48577322,valley,120.0
1min,2023-09-14 23:18:00,26623.2,26623.2,26619.3,26619.3,1.40418484,peak,180.0
1min,2023-09-14 23:21:00,26612.1,26612.1,26601.1,26601.1,0.40296378,valley,240.0
1min,2023-09-14 23:23:00,26604.0,26604.1,26604.0,26604.1,0.01847128,peak,120.0
1min,2023-09-14 23:30:00,26586.6,26586.6,26550.3,26550.4,7.35711442,valley,300.0
1min,2023-09-14 23:37:00,26536.9,26536.9,26516.5,26522.0,3.49586739,valley,180.0
1min,2023-09-14 23:38:00,26524.1,26541.5,26524.1,26541.5,3.20440201,peak,120.0
5min,2023-09-14 23:42:00,26501.0,26504.4,26498.4,26504.3,1.31662509,valley,1140.0
1min,2023-09-14 23:45:00,26515.1,26517.9,26510.3,26517.9,0.29814267,peak,300.0
1min,2023-09-14 23:45:00,26515.1,26517.9,26510.3,26517.9,0.29814267,valley,120.0
1min,2023-09-14 23:48:00,26517.2,26517.7,26514.3,26514.3,0.07470206,valley,180.0
1min,2023-09-14 23:48:00,26517.2,26517.7,26514.3,26514.3,0.07470206,peak,120.0
5min,2023-09-14 23:51:00,26526.6,26533.2,26526.6,26527.1,0.78223832,peak,660.0
1min,2023-09-14 23:52:00,26527.2,26527.2,26519.3,26519.4,0.68770846,valley,120.0
1min,2023-09-14 23:54:00,26522.1,26528.4,26516.4,26528.3,1.06927602,valley,300.0
1min,2023-09-14 23:55:00,26528.4,26528.7,26528.4,26528.6,0.03465206,peak,240.0
1min,2023-09-14 23:57:00,26525.4,26526.1,26521.2,26526.0,2.37274844,valley,120.0
5min,2023-09-15 00:01:00,26521.1,26521.1,26494.6,26510.0,6.64898813,valley,1080.0
1min,2023-09-15 00:06:00,26511.0,26517.6,26510.9,26517.3,0.97809871,peak,180.0
1min,2023-09-15 00:09:00,26517.6,26520.5,26517.6,26519.5,0.11853598,peak,480.0
1min,2023-09-15 00:10:00,26519.4,26519.7,26507.9,26510.3,1.12489767,valley,180.0
1min,2023-09-15 00:13:00,26511.3,26511.3,26501.2,26501.3,0.65456223,valley,300.0
1min,2023-09-15 00:16:00,26508.6,26508.7,26504.4,26504.5,0.29261546,peak,180.0
15min,2023-09-15 00:23:00,26479.2,26479.4,26476.1,26477.7,0.57267309,valley,2580.0
1min,2023-09-15 00:25:00,26478.2,26489.6,26478.2,26487.4,0.46887461,peak,180.0
1min,2023-09-15 00:31:00,26515.1,26527.9,26515.1,26524.7,1.6482302,peak,120.0
1min,2023-09-15 00:34:00,26524.0,26530.2,26523.9,26530.2,0.18324697,valley,120.0
1min,2023-09-15 00:37:00,26538.7,26543.1,26528.7,26528.7,2.70699135,peak,240.0
1min,2023-09-15 00:39:00,26529.5,26529.5,26527.7,26527.8,0.26878926,valley,300.0
1min,2023-09-15 00:42:00,26544.3,26544.3,26542.7,26542.8,0.05571264,peak,180.0
15min,2023-09-15 00:45:00,26543.3,26557.2,26543.2,26557.1,3.57888449,peak,4260.0
1min,2023-09-15 00:48:00,26538.0,26545.2,26538.0,26545.2,1.33651615,peak,120.0
1min,2023-09-15 00:51:00,26529.1,26529.1,26518.7,26519.2,0.87984596,valley,240.0
1min,2023-09-15 00:53:00,26519.2,26523.2,26519.1,26523.1,1.14554689,peak,120.0
1min,2023-09-15 00:58:00,26488.6,26489.2,26477.1,26477.1,0.90990446,valley,480.0
1min,2023-09-15 01:03:00,26492.9,26493.0,26490.6,26492.0,0.10774216,peak,360.0
1H,2023-09-15 01:07:00,26453.7,26463.6,26452.4,26463.1,1.21427275,valley,16620.0
5min,2023-09-15 01:12:00,26491.9,26503.3,26491.9,26496.5,4.64272461,peak,600.0
1min,2023-09-15 01:16:00,26465.4,26471.6,26465.2,26471.6,0.3121449,valley,420.0
1min,2023-09-15 01:18:00,26466.6,26475.7,26466.5,26475.7,0.73030171,valley,120.0
15min,2023-09-15 01:26:00,26511.2,26517.2,26505.0,26515.0,0.50603332,peak,1800.0
1min,2023-09-15 01:26:00,26511.2,26517.2,26505.0,26515.0,0.50603332,valley,240.0
1min,2023-09-15 01:29:00,26511.9,26511.9,26508.7,26508.8,0.6567837,valley,180.0
1min,2023-09-15 01:31:00,26512.9,26516.3,26512.9,26516.3,0.58151963,peak,240.0
1min,2023-09-15 01:32:00,26516.2,26516.2,26496.3,26496.4,1.62122805,valley,420.0
1min,2023-09-15 01:34:00,26498.0,26503.0,26498.0,26503.0,0.21561143,peak,120.0
1min,2023-09-15 01:37:00,26500.1,26500.1,26496.8,26498.3,0.3363827,valley,120.0
5min,2023-09-15 01:40:00,26482.8,26482.8,26479.5,26479.5,0.2317701,valley,1260.0
1min,2023-09-15 01:42:00,26485.5,26490.2,26485.5,26490.1,0.10389206,peak,180.0
1min,2023-09-15 01:44:00,26486.8,26490.2,26483.2,26490.2,0.19757597,valley,180.0
1min,2023-09-15 01:46:00,26492.8,26499.8,26492.8,26499.8,0.93454788,peak,540.0
1min,2023-09-15 01:48:00,26497.4,26498.3,26497.4,26498.2,0.56088312,peak,120.0
5min,2023-09-15 01:54:00,26488.5,26488.5,26486.8,26486.9,0.05497805,valley,600.0
5min,2023-09-15 02:03:00,26521.4,26572.1,26521.4,26565.4,4.00865356,peak,1020.0
1min,2023-09-15 02:08:00,26557.3,26557.4,26544.4,26547.1,0.5313662,valley,300.0
1min,2023-09-15 02:11:00,26549.4,26549.4,26545.1,26545.2,0.13057858,valley,180.0
1min,2023-09-15 02:12:00,26545.2,26559.5,26545.1,26557.0,1.63794624,peak,120.0
1min,2023-09-15 02:16:00,26562.2,26572.0,26562.2,26572.0,0.32212801,peak,240.0
1min,2023-09-15 02:18:00,26571.1,26571.1,26562.8,26562.9,0.46850832,valley,120.0
1min,2023-09-15 02:21:00,26587.6,26593.8,26578.3,26584.4,5.2320579,peak,240.0
5min,2023-09-15 02:25:00,26593.0,26598.5,26593.0,26596.2,0.63824622,peak,840.0
1min,2023-09-15 02:26:00,26596.3,26596.3,26591.3,26592.6,0.17890721,valley,120.0
1min,2023-09-15 02:29:00,26592.9,26593.0,26586.6,26591.8,0.49607737,valley,300.0
1min,2023-09-15 02:30:00,26591.8,26597.1,26591.8,26597.1,1.95572103,peak,300.0
1min,2023-09-15 02:34:00,26589.1,26589.1,26585.8,26585.9,0.33886176,valley,540.0
1min,2023-09-15 02:39:00,26595.1,26602.4,26595.1,26602.4,0.41105058,peak,360.0
5min,2023-09-15 02:43:00,26588.2,26594.0,26584.9,26594.0,0.56795203,valley,1200.0
5min,2023-09-15 02:46:00,26604.5,26606.0,26604.5,26605.9,0.20864322,peak,780.0
1min,2023-09-15 02:49:00,26596.8,26596.8,26593.7,26593.7,0.18067889,valley,240.0
1min,2023-09-15 02:50:00,26594.5,26597.2,26594.4,26597.2,0.11638484,peak,120.0
1min,2023-09-15 02:54:00,26590.5,26591.0,26590.4,26591.0,0.41034768,valley,120.0
1min,2023-09-15 02:55:00,26594.2,26594.3,26591.0,26591.0,0.77101485,peak,120.0
1min,2023-09-15 02:57:00,26589.1,26595.6,26586.6,26595.6,0.47870797,valley,360.0
15min,2023-09-15 03:00:00,26606.3,26613.5,26603.4,26603.4,1.74104572,peak,1800.0
1min,2023-09-15 03:03:00,26596.9,26596.9,26581.4,26581.4,2.22510121,valley,180.0
5min,2023-09-15 03:06:00,26585.9,26585.9,26579.4,26579.5,0.2400137,valley,1080.0
1min,2023-09-15 03:07:00,26579.4,26595.4,26579.4,26590.8,1.49225535,peak,240.0
1min,2023-09-15 03:11:00,26593.1,26599.1,26593.0,26596.6,0.74461417,peak,240.0
1min,2023-09-15 03:14:00,26596.1,26596.2,26592.3,26592.4,0.09626954,valley,300.0
5min,2023-09-15 03:16:00,26600.4,26600.4,26600.3,26600.4,0.0714283,peak,840.0
1min,2023-09-15 03:18:00,26595.9,26596.4,26595.9,26596.4,0.9602709,valley,180.0
5min,2023-09-15 03:24:00,26582.9,26582.9,26578.5,26578.6,0.19963118,valley,1140.0
1min,2023-09-15 03:27:00,26580.9,26590.4,26580.8,26587.3,0.807812,peak,180.0
5min,2023-09-15 03:30:00,26583.9,26616.8,26583.9,26611.0,7.18055703,peak,1740.0
1min,2023-09-15 03:32:00,26602.2,26602.3,26602.2,26602.3,0.00783652,valley,120.0
1min,2023-09-15 03:35:00,26606.6,26606.6,26604.5,26604.7,1.02183905,peak,240.0
15min,2023-09-15 03:43:00,26584.1,26584.1,26577.7,26577.8,0.28664568,valley,4980.0
1min,2023-09-15 03:45:00,26578.1,26580.0,26578.1,26579.8,0.39195112,peak,120.0
1min,2023-09-15 03:47:00,26579.8,26587.7,26579.7,26585.9,2.79589345,peak,120.0
1min,2023-09-15 03:51:00,26590.5,26604.5,26589.9,26604.5,4.06377161,valley,120.0
1min,2023-09-15 03:52:00,26604.5,26610.9,26602.6,26602.6,2.61903751,peak,180.0
1min,2023-09-15 03:55:00,26604.3,26614.1,26604.3,26606.2,3.48007308,peak,240.0
1min,2023-09-15 03:56:00,26606.2,26607.1,26602.3,26602.4,1.31391083,valley,300.0
1min,2023-09-15 03:59:00,26606.9,26625.7,26606.9,26616.1,2.76701885,peak,420.0
1min,2023-09-15 04:03:00,26617.8,26617.9,26617.8,26617.9,0.1189318,valley,120.0
1min,2023-09-15 04:05:00,26621.1,26624.6,26616.3,26624.6,2.5375073,valley,300.0
1min,2023-09-15 04:07:00,26626.0,26626.8,26625.9,26626.8,0.15717917,peak,180.0
1min,2023-09-15 04:08:00,26626.8,26626.8,26622.4,26622.4,2.07407351,valley,180.0
1min,2023-09-15 04:12:00,26650.9,26651.9,26650.5,26650.6,0.34683698,peak,300.0
1min,2023-09-15 04:14:00,26642.6,26642.6,26639.3,26639.4,0.17575016,valley,180.0
15min,2023-09-15 04:17:00,26647.7,26654.0,26647.6,26653.9,0.37487787,peak,1860.0
1min,2023-09-15 04:18:00,26653.9,26653.9,26641.2,26641.3,0.44565049,valley,180.0
1min,2023-09-15 04:20:00,26641.3,26645.4,26641.3,26641.5,0.28211765,peak,120.0
1min,2023-09-15 04:23:00,26619.6,26628.1,26619.6,26628.0,0.26303067,valley,300.0
15min,2023-09-15 04:32:00,26605.5,26605.5,26603.3,26603.3,0.07237147,valley,2040.0
1min,2023-09-15 04:34:00,26610.3,26610.4,26610.3,26610.4,0.17288431,peak,180.0
1min,2023-09-15 04:35:00,26610.3,26610.4,26609.7,26609.8,0.03121131,valley,120.0
1min,2023-09-15 04:40:00,26618.7,26620.8,26618.6,26620.8,0.12072392,peak,120.0
1min,2023-09-15 04:41:00,26620.4,26620.4,26615.6,26615.7,0.19677307,valley,240.0
1min,2023-09-15 04:42:00,26615.6,26628.6,26615.6,26628.6,0.54020247,peak,240.0
1min,2023-09-15 04:46:00,26625.0,26649.6,26625.0,26648.7,2.51321242,peak,120.0
1H,2023-09-15 04:48:00,26648.7,26655.1,26648.6,26649.3,2.70449956,peak,15120.0
1min,2023-09-15 04:49:00,26649.2,26649.3,26641.4,26642.9,0.91577211,valley,180.0
1min,2023-09-15 04:51:00,26649.0,26654.8,26646.6,26654.8,2.92629637,peak,180.0
1min,2023-09-15 04:56:00,26651.1,26651.2,26646.2,26646.2,0.74355539,valley,180.0
1min,2023-09-15 05:00:00,26643.2,26643.2,26635.2,26639.4,1.26787864,valley,420.0
1min,2023-09-15 05:02:00,26639.3,26639.3,26636.7,26637.4,0.5554883,valley,120.0
1min,2023-09-15 05:03:00,26637.4,26640.1,26637.3,26640.0,0.07759545,peak,180.0
1min,2023-09-15 05:07:00,26635.0,26638.1,26634.9,26638.0,0.126533,valley,180.0
1min,2023-09-15 05:08:00,26638.0,26641.3,26638.0,26641.2,0.27959817,peak,480.0
1min,2023-09-15 05:11:00,26634.2,26637.7,26634.1,26637.7,0.25735319,valley,240.0
1min,2023-09-15 05:12:00,26637.7,26640.7,26637.7,26640.7,0.04422865,peak,180.0
1min,2023-09-15 05:16:00,26631.5,26631.5,26627.3,26628.8,1.14407413,valley,360.0
1min,2023-09-15 05:17:00,26628.8,26635.2,26628.8,26635.2,0.37986281,peak,120.0
1min,2023-09-15 05:29:00,26613.7,26613.7,26610.3,26610.4,0.08250898,valley,480.0
5min,2023-09-15 05:36:00,26618.8,26620.4,26618.8,26620.4,0.1024514,peak,600.0
1min,2023-09-15 05:38:00,26606.7,26606.7,26600.3,26604.2,0.20780868,valley,180.0
1min,2023-09-15 05:39:00,26604.4,26609.0,26604.4,26606.4,0.23648815,peak,120.0
1min,2023-09-15 05:46:00,26587.5,26587.5,26584.2,26584.2,0.32086289,valley,480.0
5min,2023-09-15 05:52:00,26592.4,26598.7,26592.3,26598.7,0.57117375,peak,660.0
1min,2023-09-15 05:56:00,26581.0,26581.0,26575.7,26577.6,0.83012416,valley,240.0
1min,2023-09-15 05:57:00,26577.6,26595.5,26577.6,26585.1,2.45310638,peak,240.0
1min,2023-09-15 06:02:00,26573.5,26573.8,26573.4,26573.8,0.29996631,valley,240.0
1min,2023-09-15 06:03:00,26573.8,26573.9,26573.8,26573.8,0.05188274,peak,120.0
15min,2023-09-15 06:06:00,26573.7,26573.8,26572.0,26572.0,0.21921437,valley,2040.0
1min,2023-09-15 06:11:00,26580.9,26580.9,26573.5,26573.5,0.37311845,valley,120.0
1min,2023-09-15 06:12:00,26573.6,26581.4,26573.5,26580.7,0.86937084,peak,120.0
1min,2023-09-15 06:15:00,26581.4,26581.5,26574.5,26574.6,0.85927942,valley,180.0
15min,2023-09-15 06:20:00,26606.7,26606.8,26605.1,26605.1,0.62458576,peak,2460.0
1min,2023-09-15 06:26:00,26600.2,26600.3,26598.6,26598.8,0.23715899,valley,240.0
1min,2023-09-15 06:30:00,26599.7,26599.7,26591.2,26591.4,0.29538544,valley,360.0
1min,2023-09-15 06:33:00,26594.5,26599.4,26594.5,26599.3,0.24412624,peak,180.0
5min,2023-09-15 06:40:00,26577.2,26577.3,26569.2,26569.2,0.57614843,valley,1500.0
1min,2023-09-15 06:42:00,26569.3,26571.7,26569.3,26571.7,0.55618989,peak,120.0
1min,2023-09-15 06:45:00,26570.5,26578.3,26569.3,26578.3,0.61662002,valley,240.0
1min,2023-09-15 06:47:00,26578.3,26579.2,26578.3,26579.1,0.15301632,peak,180.0
1min,2023-09-15 06:48:00,26579.1,26579.1,26575.1,26575.8,0.35816584,valley,180.0
5min,2023-09-15 06:52:00,26581.1,26588.5,26581.1,26588.5,0.51348007,peak,660.0
1min,2023-09-15 06:59:00,26580.4,26580.5,26576.4,26577.8,0.98581791,valley,360.0
1min,2023-09-15 07:03:00,26584.2,26595.6,26580.9,26595.5,1.23736477,valley,120.0
5min,2023-09-15 07:04:00,26595.5,26597.2,26586.8,26592.0,0.84642447,peak,1740.0
1min,2023-09-15 07:06:00,26568.2,26577.6,26568.1,26577.6,0.76324307,valley,540.0
1min,2023-09-15 07:07:00,26577.6,26577.8,26574.2,26574.3,0.21665679,peak,120.0
1min,2023-09-15 07:16:00,26561.0,26561.0,26556.3,26556.4,0.51087272,valley,300.0
1min,2023-09-15 07:17:00,26556.4,26564.1,26556.3,26564.1,0.46562234,peak,120.0
1min,2023-09-15 07:21:00,26558.4,26559.4,26555.5,26555.5,0.22277278,peak,120.0
15min,2023-09-15 07:22:00,26555.5,26555.6,26553.4,26553.5,0.31825569,valley,2640.0
1min,2023-09-15 07:23:00,26553.5,26569.8,26553.4,26566.5,2.44089691,peak,180.0
1min,2023-09-15 07:28:00,26576.6,26578.2,26576.5,26578.2,0.31040323,peak,180.0
1min,2023-09-15 07:31:00,26574.7,26579.8,26574.0,26579.6,0.43910793,valley,240.0
5min,2023-09-15 07:32:00,26579.7,26585.5,26579.7,26582.8,0.65977892,peak,1620.0
1min,2023-09-15 07:33:00,26582.8,26582.8,26579.3,26580.9,0.56283874,valley,120.0
1min,2023-09-15 07:35:00,26581.2,26581.2,26577.9,26577.9,0.64559453,valley,240.0
1min,2023-09-15 07:36:00,26578.0,26582.3,26577.9,26582.3,0.15991318,peak,180.0
1min,2023-09-15 07:39:00,26579.3,26579.5,26579.2,26579.5,0.007265,peak,120.0
1min,2023-09-15 07:44:00,26570.9,26579.1,26570.9,26579.1,1.13648947,valley,420.0
1min,2023-09-15 07:46:00,26576.6,26576.6,26574.2,26574.3,0.31908629,valley,120.0
5min,2023-09-15 07:50:00,26581.8,26584.7,26576.8,26576.9,2.50002007,peak,1080.0
1min,2023-09-15 07:54:00,26570.5,26572.8,26564.9,26568.0,1.60019025,peak,180.0
1min,2023-09-15 07:55:00,26568.0,26568.1,26562.2,26567.1,2.10307634,valley,360.0
1min,2023-09-15 07:59:00,26566.9,26568.7,26566.9,26568.7,0.18925299,peak,300.0
1min,2023-09-15 08:05:00,26557.4,26562.9,26557.3,26562.8,0.4913583,peak,240.0
5min,2023-09-15 08:08:00,26548.1,26557.3,26548.0,26557.2,1.15666422,valley,600.0
1min,2023-09-15 08:10:00,26561.2,26561.3,26561.2,26561.3,0.47718083,peak,240.0
1min,2023-09-15 08:12:00,26560.4,26560.5,26550.6,26552.2,2.73857878,valley,120.0
1H,2023-09-15 08:20:00,26545.0,26551.9,26541.4,26551.9,3.70238393,valley,10620.0
1min,2023-09-15 08:21:00,26558.1,26564.5,26558.1,26561.0,0.65815441,peak,300.0
1min,2023-09-15 08:27:00,26572.4,26574.4,26572.3,26574.2,1.09659745,peak,180.0
1min,2023-09-15 08:30:00,26574.3,26587.1,26574.2,26586.9,2.89897731,peak,120.0
1min,2023-09-15 08:37:00,26599.0,26600.0,26598.2,26598.5,0.6694989,peak,540.0
1min,2023-09-15 08:40:00,26598.5,26598.5,26594.9,26595.0,0.42243482,valley,420.0
1min,2023-09-15 08:47:00,26606.2,26625.6,26606.1,26625.6,3.47097639,peak,420.0
1min,2023-09-15 08:52:00,26616.7,26617.2,26614.0,26614.0,0.37584748,peak,120.0
1min,2023-09-15 08:52:00,26616.7,26617.2,26614.0,26614.0,0.37584748,valley,300.0
1min,2023-09-15 08:55:00,26627.2,26634.3,26627.1,26633.7,0.31585392,peak,120.0
1min,2023-09-15 08:56:00,26631.1,26633.0,26626.6,26631.0,1.4188926,valley,120.0
1min,2023-09-15 08:57:00,26631.0,26637.5,26630.9,26637.4,0.94317032,peak,180.0
1min,2023-09-15 08:59:00,26637.2,26637.2,26634.8,26634.8,0.2212431,valley,120.0
4H,2023-09-15 09:00:00,26634.9,26690.0,26634.8,26667.3,16.34648741,peak,45000.0
1min,2023-09-15 09:05:00,26627.3,26627.3,26619.8,26619.9,0.1114718,valley,120.0
1min,2023-09-15 09:09:00,26614.2,26614.3,26614.2,26614.2,0.23835337,valley,360.0
1min,2023-09-15 09:10:00,26614.3,26615.8,26614.2,26615.2,0.59940619,peak,120.0
1min,2023-09-15 09:13:00,26615.1,26618.8,26614.6,26614.6,0.99432362,peak,360.0
1min,2023-09-15 09:20:00,26591.1,26593.3,26589.9,26591.6,1.39383966,valley,120.0
15min,2023-09-15 09:23:00,26586.9,26587.0,26581.5,26581.5,1.49681088,valley,3180.0
1min,2023-09-15 09:27:00,26587.9,26593.2,26587.9,26593.2,0.78212036,peak,360.0
1min,2023-09-15 09:32:00,26588.0,26588.2,26587.7,26588.2,0.13574723,valley,360.0
1min,2023-09-15 09:37:00,26624.1,26647.0,26624.0,26642.6,2.28073339,peak,120.0
1min,2023-09-15 09:39:00,26642.6,26659.8,26642.5,26655.1,0.91511144,peak,120.0
15min,2023-09-15 09:41:00,26651.8,26667.4,26651.8,26662.3,3.24510195,peak,2460.0
1min,2023-09-15 09:42:00,26660.5,26660.5,26644.6,26650.4,0.84546939,valley,120.0
1min,2023-09-15 09:44:00,26648.8,26648.8,26633.0,26635.1,2.18521278,valley,420.0
1min,2023-09-15 09:46:00,26640.5,26653.4,26640.5,26653.4,0.66032618,peak,240.0
1min,2023-09-15 09:50:00,26646.0,26646.1,26643.3,26643.4,2.19931833,valley,120.0
1min,2023-09-15 09:51:00,26643.5,26646.9,26643.4,26644.9,0.50035294,peak,180.0
1min,2023-09-15 09:55:00,26627.6,26627.6,26614.1,26627.4,4.77362109,valley,300.0
1min,2023-09-15 09:57:00,26621.0,26621.0,26616.0,26616.0,0.43028722,valley,120.0
5min,2023-09-15 10:02:00,26608.5,26608.5,26597.9,26598.0,3.61821022,valley,1740.0
1min,2023-09-15 10:04:00,26599.6,26599.6,26599.5,26599.6,0.35244476,peak,120.0
15min,2023-09-15 10:06:00,26598.5,26598.5,26597.9,26597.9,1.46012667,valley,1980.0
1min,2023-09-15 10:11:00,26618.8,26628.2,26618.8,26626.8,4.01659478,peak,180.0
1min,2023-09-15 10:15:00,26631.9,26632.0,26630.4,26630.4,1.05524704,peak,360.0
1min,2023-09-15 10:17:00,26630.5,26631.0,26628.4,26631.0,0.1911772,valley,120.0
1min,2023-09-15 10:18:00,26631.0,26631.1,26631.0,26631.0,0.77994113,peak,180.0
1min,2023-09-15 10:19:00,26631.0,26631.1,26625.3,26625.4,0.99399072,valley,480.0
15min,2023-09-15 10:26:00,26647.7,26655.2,26647.7,26648.9,1.59876013,peak,2640.0
1min,2023-09-15 10:31:00,26643.0,26643.0,26636.7,26638.6,0.54940747,valley,180.0
1min,2023-09-15 10:33:00,26638.7,26641.3,26638.6,26641.1,0.57043456,peak,120.0
5min,2023-09-15 10:38:00,26623.3,26623.4,26615.1,26615.1,0.61666317,valley,1680.0
1min,2023-09-15 10:42:00,26615.5,26620.9,26615.5,26620.0,0.53302414,peak,240.0
1min,2023-09-15 10:45:00,26618.7,26618.8,26615.5,26615.5,0.23441793,valley,240.0
1min,2023-09-15 10:52:00,26626.3,26631.7,26626.3,26631.6,0.45818827,peak,240.0
1min,2023-09-15 10:56:00,26628.3,26632.1,26628.3,26632.1,0.60284003,peak,120.0
5min,2023-09-15 10:59:00,26641.0,26641.0,26638.1,26638.1,0.10276931,peak,1500.0
1min,2023-09-15 11:03:00,26631.7,26631.8,26630.3,26631.0,0.38997775,valley,180.0
1min,2023-09-15 11:06:00,26631.0,26631.0,26620.7,26622.9,1.14231117,valley,180.0
1min,2023-09-15 11:07:00,26623.0,26638.1,26623.0,26638.0,0.37650944,peak,480.0
1min,2023-09-15 11:16:00,26557.4,26563.5,26546.3,26546.4,1.43363183,peak,120.0
1min,2023-09-15 11:17:00,26546.4,26546.4,26511.4,26511.6,7.36581909,valley,300.0
1min,2023-09-15 11:18:00,26511.6,26547.5,26511.6,26535.6,6.65581432,peak,120.0
5min,2023-09-15 11:23:00,26499.5,26503.4,26494.8,26503.4,1.71597522,valley,960.0
1min,2023-09-15 11:24:00,26506.5,26516.5,26506.5,26508.4,1.8113998,peak,120.0
1min,2023-09-15 11:27:00,26519.1,26524.6,26515.3,26524.5,2.094358,peak,360.0
1min,2023-09-15 11:30:00,26517.7,26517.8,26507.7,26511.3,3.76871304,valley,120.0
1min,2023-09-15 11:32:00,26509.8,26512.7,26503.4,26512.7,1.67036917,valley,420.0
5min,2023-09-15 11:36:00,26530.2,26531.1,26523.2,26523.4,2.27404883,peak,900.0
5min,2023-09-15 11:40:00,26483.5,26497.3,26483.4,26497.2,0.98467939,valley,900.0
1min,2023-09-15 11:41:00,26497.2,26514.8,26497.2,26514.8,3.21978715,peak,180.0
1min,2023-09-15 11:45:00,26493.0,26496.9,26483.7,26496.9,2.57810028,valley,300.0
1min,2023-09-15 11:47:00,26494.1,26495.0,26491.4,26491.8,0.6550757,valley,120.0
1min,2023-09-15 11:50:00,26498.9,26499.0,26498.9,26499.0,0.65615592,peak,360.0
1min,2023-09-15 11:52:00,26497.3,26497.3,26488.4,26488.5,0.64485282,valley,180.0
1min,2023-09-15 11:54:00,26490.3,26490.5,26490.3,26490.5,0.0274592,peak,120.0
1min,2023-09-15 11:55:00,26490.4,26490.4,26474.5,26477.4,1.47030202,valley,120.0
15min,2023-09-15 11:59:00,26452.0,26452.0,26363.4,26423.4,33.2293423,valley,2340.0
1min,2023-09-15 12:03:00,26441.6,26449.7,26440.8,26449.7,1.13632952,peak,240.0
1min,2023-09-15 12:04:00,26449.6,26449.7,26438.4,26445.4,0.91534821,valley,120.0
5min,2023-09-15 12:09:00,26464.6,26469.5,26463.5,26469.5,1.49950846,peak,720.0
1min,2023-09-15 12:10:00,26469.5,26469.5,26461.7,26463.3,1.70371617,valley,120.0
1min,2023-09-15 12:13:00,26462.0,26463.4,26455.7,26463.4,1.32134421,valley,240.0
1min,2023-09-15 12:14:00,26464.5,26468.5,26464.5,26468.4,0.2110293,peak,240.0
1min,2023-09-15 12:20:00,26438.2,26448.2,26435.7,26445.5,1.56198519,valley,540.0
1min,2023-09-15 12:22:00,26441.0,26444.0,26440.7,26444.0,5.77373194,valley,120.0
1min,2023-09-15 12:24:00,26447.6,26459.8,26447.6,26456.3,1.14097888,peak,120.0
5min,2023-09-15 12:27:00,26457.8,26466.4,26453.4,26453.5,3.63442902,peak,720.0
1min,2023-09-15 12:30:00,26429.5,26429.6,26417.6,26427.8,6.81036361,valley,120.0
1min,2023-09-15 12:32:00,26440.9,26444.1,26410.7,26413.2,6.01409423,peak,180.0
1min,2023-09-15 12:32:00,26440.9,26444.1,26410.7,26413.2,6.01409423,valley,120.0
1min,2023-09-15 12:36:00,26411.4,26411.5,26389.7,26394.6,2.78641336,peak,120.0
1min,2023-09-15 12:36:00,26411.4,26411.5,26389.7,26394.6,2.78641336,valley,120.0
15min,2023-09-15 12:39:00,26371.2,26384.0,26335.2,26345.9,8.73450004,valley,6780.0
1min,2023-09-15 12:42:00,26368.6,26389.7,26368.5,26383.5,7.11265602,peak,120.0
1min,2023-09-15 12:44:00,26387.7,26390.5,26384.4,26389.8,8.08921388,peak,360.0
1min,2023-09-15 12:46:00,26375.9,26375.9,26366.1,26366.2,0.7618768,valley,180.0
1min,2023-09-15 12:47:00,26366.1,26382.3,26366.1,26382.2,0.70040797,peak,120.0
1min,2023-09-15 12:49:00,26375.9,26375.9,26363.9,26373.7,6.11528106,valley,420.0
5min,2023-09-15 12:51:00,26381.1,26397.1,26381.1,26395.5,2.50419902,peak,660.0
5min,2023-09-15 12:56:00,26364.6,26368.2,26357.4,26367.6,2.74245354,valley,900.0
1min,2023-09-15 12:58:00,26367.9,26371.0,26365.2,26365.2,0.46694339,peak,120.0
1min,2023-09-15 13:00:00,26363.8,26385.8,26360.4,26385.7,3.58597147,valley,240.0
1min,2023-09-15 13:03:00,26403.0,26425.9,26399.4,26399.5,9.41904531,peak,240.0
1min,2023-09-15 13:04:00,26399.4,26399.4,26393.8,26397.4,0.8714327,valley,180.0
5min,2023-09-15 13:07:00,26423.2,26428.0,26418.9,26418.9,1.18626606,peak,960.0
1min,2023-09-15 13:09:00,26418.9,26421.1,26414.1,26414.6,1.52190874,peak,120.0
1min,2023-09-15 13:13:00,26397.0,26402.6,26396.1,26402.6,0.49999124,valley,540.0
1min,2023-09-15 13:15:00,26413.1,26415.0,26413.0,26413.0,0.64534644,peak,240.0
1min,2023-09-15 13:16:00,26413.0,26413.1,26399.7,26405.2,1.71810375,valley,180.0
1min,2023-09-15 13:21:00,26426.2,26428.0,26420.9,26420.9,1.76475386,peak,120.0
1min,2023-09-15 13:22:00,26420.8,26424.8,26420.8,26424.8,0.22387528,valley,120.0
5min,2023-09-15 13:24:00,26422.7,26428.4,26422.7,26428.4,0.4570761,peak,660.0
5min,2023-09-15 13:28:00,26405.0,26405.0,26400.5,26400.6,0.42217143,valley,720.0
1min,2023-09-15 13:32:00,26424.4,26426.0,26409.5,26409.5,1.54029809,peak,180.0
1min,2023-09-15 13:34:00,26404.4,26406.0,26404.4,26405.9,0.19518387,valley,240.0
1min,2023-09-15 13:36:00,26432.0,26462.4,26419.1,26460.1,15.55806196,peak,120.0
1min,2023-09-15 13:38:00,26445.6,26462.9,26445.6,26451.1,3.85363082,peak,180.0
1min,2023-09-15 13:39:00,26451.1,26451.1,26444.0,26448.5,0.48699491,valley,120.0
1H,2023-09-15 13:42:00,26486.0,26523.1,26474.1,26474.1,6.41022839,peak,7500.0
1min,2023-09-15 13:43:00,26474.1,26478.5,26465.7,26468.3,1.75019617,valley,120.0
1min,2023-09-15 13:45:00,26476.2,26477.0,26461.4,26461.5,1.35916411,peak,120.0
1min,2023-09-15 13:48:00,26443.4,26452.8,26443.4,26450.0,0.43524032,valley,120.0
1min,2023-09-15 13:49:00,26450.0,26453.1,26450.0,26453.1,1.681407,peak,120.0
1min,2023-09-15 13:51:00,26437.0,26446.7,26435.6,26442.1,2.21765736,valley,240.0
1min,2023-09-15 13:55:00,26435.8,26448.5,26432.7,26432.7,1.73846708,peak,300.0
5min,2023-09-15 13:59:00,26380.4,26380.4,26360.3,26367.9,3.73033932,valley,960.0
1min,2023-09-15 14:00:00,26367.9,26393.4,26367.9,26382.3,7.82875096,peak,120.0
1min,2023-09-15 14:03:00,26401.9,26412.3,26384.7,26384.7,2.33804759,peak,360.0
1min,2023-09-15 14:04:00,26384.8,26399.0,26380.9,26392.6,2.55523942,valley,120.0
1min,2023-09-15 14:06:00,26396.2,26407.4,26389.4,26389.4,1.73824618,peak,180.0
1min,2023-09-15 14:08:00,26395.6,26395.6,26373.8,26375.4,3.43120531,valley,120.0
1min,2023-09-15 14:10:00,26374.3,26381.3,26372.0,26381.3,0.41227062,valley,300.0
1min,2023-09-15 14:11:00,26381.3,26393.7,26381.2,26390.5,1.61588067,peak,180.0
1min,2023-09-15 14:12:00,26390.5,26390.5,26377.0,26381.4,1.02736455,valley,120.0
5min,2023-09-15 14:15:00,26377.7,26377.8,26345.9,26360.7,8.81124225,valley,1020.0
1min,2023-09-15 14:17:00,26364.9,26364.9,26355.9,26359.3,1.95653963,valley,120.0
1min,2023-09-15 14:20:00,26388.8,26395.2,26381.0,26385.1,2.66196189,peak,120.0
1min,2023-09-15 14:21:00,26385.1,26390.5,26378.7,26390.4,2.11199632,valley,180.0
5min,2023-09-15 14:23:00,26403.8,26403.9,26392.9,26393.1,1.22461996,peak,1020.0
1min,2023-09-15 14:26:00,26375.9,26375.9,26357.4,26366.2,3.17356508,valley,300.0
1min,2023-09-15 14:28:00,26366.1,26371.3,26357.7,26357.7,1.0198947,peak,120.0
1min,2023-09-15 14:28:00,26366.1,26371.3,26357.7,26357.7,1.0198947,valley,120.0
1min,2023-09-15 14:30:00,26363.5,26366.7,26363.4,26365.0,0.83696469,peak,120.0
1min,2023-09-15 14:32:00,26346.8,26354.0,26316.1,26354.0,11.61426561,valley,240.0
1min,2023-09-15 14:39:00,26301.1,26318.2,26291.0,26312.5,6.55314917,peak,180.0
1min,2023-09-15 14:41:00,26287.1,26298.6,26282.1,26298.6,16.20032119,valley,180.0
1min,2023-09-15 14:42:00,26298.7,26305.2,26287.9,26291.8,1.49526719,peak,120.0
1min,2023-09-15 14:44:00,26287.0,26287.5,26280.0,26280.1,6.71249236,valley,180.0
1min,2023-09-15 14:46:00,26304.7,26307.9,26294.0,26294.0,1.98596016,peak,360.0
4H,2023-09-15 14:48:00,26236.0,26270.8,26219.4,26270.8,14.21844934,valley,65880.0
1min,2023-09-15 14:49:00,26272.8,26272.8,26251.5,26263.0,3.08351122,peak,120.0
1min,2023-09-15 14:50:00,26263.1,26272.4,26248.1,26272.3,1.68112456,valley,120.0
1min,2023-09-15 14:53:00,26245.0,26268.1,26238.1,26268.0,6.53924937,valley,300.0
1min,2023-09-15 14:55:00,26270.1,26282.1,26256.6,26256.6,3.40666202,peak,480.0
1min,2023-09-15 14:56:00,26256.5,26263.1,26245.0,26259.4,5.66031191,valley,180.0
1min,2023-09-15 14:59:00,26252.7,26259.2,26235.6,26235.6,2.83502385,peak,120.0
5min,2023-09-15 15:00:00,26236.2,26256.8,26230.1,26256.8,4.11252629,valley,720.0
1min,2023-09-15 15:02:00,26264.9,26270.3,26252.9,26270.3,2.32875498,valley,120.0
1min,2023-09-15 15:03:00,26270.4,26271.8,26255.5,26255.5,1.62998773,peak,180.0
5min,2023-09-15 15:06:00,26267.1,26299.0,26267.0,26296.7,5.54398076,peak,1200.0
1min,2023-09-15 15:11:00,26271.8,26275.9,26267.5,26275.5,1.9495319,valley,300.0
1min,2023-09-15 15:12:00,26275.5,26284.5,26275.5,26280.2,1.64795659,peak,180.0
1min,2023-09-15 15:15:00,26273.0,26282.2,26273.0,26281.0,0.93745758,peak,120.0
1min,2023-09-15 15:15:00,26273.0,26282.2,26273.0,26281.0,0.93745758,valley,240.0
5min,2023-09-15 15:18:00,26289.9,26296.4,26289.9,26295.2,0.40765444,peak,600.0
1min,2023-09-15 15:21:00,26271.6,26271.6,26271.4,26271.4,0.10243094,valley,300.0
1min,2023-09-15 15:22:00,26271.5,26280.0,26271.5,26279.9,1.27743699,peak,120.0
1min,2023-09-15 15:24:00,26276.8,26278.2,26276.7,26277.3,0.06982768,peak,120.0
5min,2023-09-15 15:27:00,26269.3,26271.0,26269.2,26270.9,0.14360176,valley,960.0
1min,2023-09-15 15:29:00,26279.3,26288.2,26279.3,26282.8,1.35374435,peak,120.0
1min,2023-09-15 15:30:00,26282.8,26283.2,26273.4,26283.2,1.17942333,valley,120.0
1min,2023-09-15 15:32:00,26303.4,26310.2,26301.7,26310.2,2.59276699,peak,420.0
1min,2023-09-15 15:36:00,26289.0,26292.8,26288.8,26292.8,0.851939,valley,300.0
1min,2023-09-15 15:41:00,26315.8,26320.8,26315.7,26320.1,0.25269981,peak,360.0
1min,2023-09-15 15:42:00,26320.1,26320.7,26310.5,26310.5,0.54578276,valley,180.0
1min,2023-09-15 15:43:00,26310.8,26320.8,26310.8,26320.6,1.37753031,peak,240.0
1min,2023-09-15 15:46:00,26313.4,26313.5,26312.6,26313.3,1.89930923,valley,180.0
1min,2023-09-15 15:47:00,26313.2,26325.4,26313.2,26325.4,5.72508365,peak,180.0
1min,2023-09-15 15:49:00,26322.9,26322.9,26317.1,26322.2,0.6073168,valley,120.0
5min,2023-09-15 15:50:00,26322.3,26328.1,26322.3,26326.2,1.90948026,peak,900.0
5min,2023-09-15 15:52:00,26304.4,26305.6,26301.5,26305.6,0.54094606,valley,900.0
1min,2023-09-15 15:53:00,26305.6,26320.8,26305.6,26320.7,0.94347706,peak,120.0
1min,2023-09-15 15:57:00,26309.6,26319.0,26309.6,26319.0,0.42066951,peak,120.0
1min,2023-09-15 15:59:00,26320.8,26320.9,26317.7,26317.8,0.30875884,peak,180.0
1min,2023-09-15 16:00:00,26317.7,26319.4,26316.3,26319.0,1.42207067,valley,120.0
1min,2023-09-15 16:02:00,26318.4,26321.7,26317.7,26320.4,5.4278705,peak,120.0
1min,2023-09-15 16:03:00,26320.5,26320.5,26314.0,26318.6,1.53578824,valley,360.0
1min,2023-09-15 16:07:00,26348.0,26351.0,26346.6,26351.0,1.2602838,peak,180.0
1min,2023-09-15 16:10:00,26330.6,26352.0,26330.4,26352.0,1.79014833,valley,300.0
5min,2023-09-15 16:11:00,26352.0,26354.8,26351.9,26353.3,1.11098782,peak,720.0
1min,2023-09-15 16:18:00,26333.9,26338.3,26333.8,26338.3,0.73180747,valley,480.0
1min,2023-09-15 16:24:00,26355.5,26363.3,26355.5,26363.2,1.31784168,peak,540.0
1min,2023-09-15 16:26:00,26356.9,26359.0,26353.9,26359.0,0.64643255,valley,180.0
1min,2023-09-15 16:29:00,26355.4,26355.4,26353.8,26354.6,0.65393031,valley,360.0
1min,2023-09-15 16:30:00,26354.7,26360.5,26354.6,26360.5,0.32850755,peak,180.0
5min,2023-09-15 16:34:00,26363.3,26377.4,26363.3,26366.9,5.2516285,peak,1080.0
1min,2023-09-15 16:37:00,26328.3,26338.8,26328.1,26338.7,2.06484296,valley,180.0
15min,2023-09-15 16:40:00,26328.8,26328.9,26322.9,26325.6,0.61702981,valley,2160.0
1min,2023-09-15 16:43:00,26333.1,26337.6,26329.5,26337.6,0.95409239,valley,120.0
1min,2023-09-15 16:44:00,26337.6,26343.2,26337.5,26343.2,2.06782733,peak,180.0
1min,2023-09-15 16:46:00,26343.1,26343.1,26333.5,26334.0,0.86367185,valley,180.0
1min,2023-09-15 16:47:00,26334.0,26345.7,26334.0,26343.3,0.87474018,peak,120.0
15min,2023-09-15 16:53:00,26372.3,26385.7,26372.2,26385.7,0.66558026,peak,6180.0
1min,2023-09-15 16:55:00,26385.6,26385.6,26363.0,26363.3,2.94185654,valley,300.0
1min,2023-09-15 16:58:00,26385.4,26385.5,26382.1,26382.9,0.75230812,peak,180.0
1min,2023-09-15 17:00:00,26378.9,26378.9,26365.9,26369.1,4.25059614,valley,120.0
1min,2023-09-15 17:04:00,26357.2,26357.5,26356.1,26357.5,1.13085408,valley,120.0
1min,2023-09-15 17:05:00,26357.6,26357.6,26357.5,26357.6,0.19419128,peak,120.0
1min,2023-09-15 17:08:00,26356.1,26356.1,26352.8,26353.0,0.87194666,valley,300.0
1min,2023-09-15 17:13:00,26352.7,26357.4,26352.5,26357.4,0.43709226,valley,480.0
5min,2023-09-15 17:18:00,26357.5,26373.0,26357.4,26360.9,2.53215044,peak,1080.0
1min,2023-09-15 17:19:00,26360.9,26360.9,26352.8,26352.8,0.71183353,valley,120.0
1min,2023-09-15 17:28:00,26331.2,26335.7,26331.0,26335.7,1.06691062,valley,120.0
1min,2023-09-15 17:29:00,26335.7,26336.9,26334.2,26336.6,2.65338226,peak,180.0
15min,2023-09-15 17:34:00,26325.4,26325.5,26315.9,26322.3,2.39533612,valley,5460.0
15min,2023-09-15 17:45:00,26373.0,26375.4,26372.0,26372.9,0.58471587,peak,2700.0
1min,2023-09-15 17:47:00,26371.0,26371.0,26369.1,26369.1,0.05022088,valley,180.0
1min,2023-09-15 17:51:00,26360.8,26360.8,26360.3,26360.4,0.05440096,valley,360.0
1min,2023-09-15 17:52:00,26360.4,26366.9,26360.4,26366.8,0.16974496,peak,120.0
1min,2023-09-15 17:54:00,26365.5,26365.5,26360.5,26360.6,0.27950604,valley,120.0
1min,2023-09-15 17:58:00,26358.1,26358.2,26337.0,26338.5,2.0388255,valley,120.0
5min,2023-09-15 18:01:00,26334.4,26337.0,26332.1,26337.0,1.49777556,valley,1320.0
1min,2023-09-15 18:04:00,26343.9,26355.5,26343.9,26351.1,0.57399403,peak,360.0
1min,2023-09-15 18:06:00,26350.2,26350.2,26347.3,26347.5,0.64966661,valley,120.0
1min,2023-09-15 18:10:00,26352.8,26354.7,26350.7,26354.7,0.7492868,peak,240.0
1min,2023-09-15 18:14:00,26352.8,26357.1,26352.2,26357.0,0.19726209,valley,240.0
5min,2023-09-15 18:14:00,26352.8,26357.1,26352.2,26357.0,0.19726209,peak,960.0
1min,2023-09-15 18:20:00,26352.4,26352.5,26352.3,26352.5,0.09877452,peak,120.0
1min,2023-09-15 18:22:00,26350.0,26351.2,26349.1,26351.1,0.32382361,valley,120.0
1min,2023-09-15 18:23:00,26351.2,26351.3,26351.1,26351.3,0.37839893,peak,120.0
5min,2023-09-15 18:25:00,26338.3,26339.7,26338.2,26339.7,0.0565033,valley,1320.0
1min,2023-09-15 18:31:00,26354.7,26355.1,26354.7,26354.9,1.27176047,peak,120.0
15min,2023-09-15 18:37:00,26396.1,26399.7,26394.2,26399.6,0.62049323,peak,2220.0
1min,2023-09-15 18:38:00,26399.6,26399.7,26386.1,26386.1,1.95622301,valley,120.0
1min,2023-09-15 18:41:00,26390.4,26390.5,26390.3,26390.5,0.25094398,peak,120.0
1min,2023-09-15 18:43:00,26382.1,26382.2,26376.3,26376.3,0.20111088,valley,180.0
1min,2023-09-15 18:50:00,26345.9,26351.8,26337.9,26337.9,0.39891709,peak,120.0
15min,2023-09-15 18:52:00,26339.8,26339.8,26333.9,26334.5,0.23936821,valley,3060.0
1min,2023-09-15 18:59:00,26347.9,26348.1,26346.4,26346.4,0.57417795,peak,240.0
1min,2023-09-15 19:00:00,26345.9,26345.9,26339.5,26342.4,0.7008406,valley,240.0
1min,2023-09-15 19:12:00,26380.2,26394.1,26380.1,26391.8,1.876766,peak,120.0
1min,2023-09-15 19:14:00,26391.9,26405.9,26391.9,26404.6,1.79887464,peak,120.0
1min,2023-09-15 19:16:00,26397.6,26408.6,26397.6,26406.7,1.67028533,peak,120.0
1min,2023-09-15 19:18:00,26406.8,26413.2,26401.4,26411.4,4.76783569,valley,120.0
1min,2023-09-15 19:19:00,26411.4,26422.9,26411.4,26422.8,1.64664941,peak,300.0
1min,2023-09-15 19:21:00,26417.6,26421.8,26414.1,26414.1,0.79969942,valley,120.0
1min,2023-09-15 19:23:00,26417.1,26417.1,26409.4,26409.4,0.23631815,valley,300.0
5min,2023-09-15 19:28:00,26437.0,26437.3,26430.5,26430.5,0.5634571,peak,1140.0
1min,2023-09-15 19:29:00,26430.5,26430.5,26423.9,26427.2,3.54397828,valley,120.0
1min,2023-09-15 19:30:00,26427.3,26437.1,26427.3,26434.6,0.83855764,peak,120.0
1min,2023-09-15 19:31:00,26434.6,26434.6,26417.6,26417.6,0.41008274,valley,120.0
5min,2023-09-15 19:39:00,26407.6,26410.6,26407.5,26410.6,0.53289873,valley,960.0
1min,2023-09-15 19:42:00,26411.7,26419.6,26411.6,26414.3,0.97249911,peak,240.0
1H,2023-09-15 19:47:00,26437.3,26441.7,26437.2,26437.3,3.16720645,peak,21120.0
1min,2023-09-15 19:49:00,26428.7,26428.7,26422.4,26428.1,1.26196077,valley,120.0
1min,2023-09-15 19:51:00,26425.0,26428.1,26420.2,26420.2,0.31273432,valley,180.0
1min,2023-09-15 19:56:00,26405.4,26405.4,26402.4,26402.4,0.45571617,valley,180.0
1min,2023-09-15 19:57:00,26404.3,26409.7,26404.3,26409.6,1.0471521,peak,120.0
1min,2023-09-15 19:59:00,26409.6,26409.6,26397.5,26397.6,1.37025116,valley,120.0
1min,2023-09-15 20:05:00,26394.3,26394.3,26391.9,26393.0,0.51817173,valley,120.0
1min,2023-09-15 20:07:00,26394.3,26394.3,26379.7,26381.3,1.57831772,valley,240.0
1min,2023-09-15 20:09:00,26382.9,26386.2,26382.9,26386.2,0.10383648,peak,120.0
15min,2023-09-15 20:11:00,26381.0,26382.6,26372.9,26376.3,2.49572873,valley,3660.0
1min,2023-09-15 20:16:00,26390.2,26390.3,26380.2,26388.2,2.42540437,valley,180.0
1min,2023-09-15 20:18:00,26393.0,26407.9,26393.0,26404.6,1.9321153,peak,120.0
5min,2023-09-15 20:20:00,26406.1,26417.8,26406.1,26417.3,0.71668623,peak,1500.0
1min,2023-09-15 20:24:00,26410.6,26410.6,26408.2,26408.3,0.40822489,valley,120.0
1min,2023-09-15 20:26:00,26408.4,26409.0,26405.8,26405.8,0.33394066,peak,120.0
